price,TP_bool,DCA_bool,dca_orders_max,coin_bag,buy_prices,outflow,average_buy_price,realized_profit,price_deviation,dca_counter,price_deviation_target,step,idx
0,FALSE,FALSE,0,0,0,0,0,0,0,0,-0.01217364451942881,0,1
1.6272015675456555,FALSE,FALSE,1,0,0,0,0,0,0,0,-0.01217364451942881,1,1
1.6191870254578973,FALSE,FALSE,9,61.498105573550895,1.6272015675456555,100.06981379037023,1.6272015675456555,0,0,0,-0.01217364451942881,2,1
1.625978732030227,FALSE,FALSE,9,61.498105573550895,1.6272015675456555,100.06981379037023,1.6272015675456555,0,-0.0049497321567851214,0,-0.01217364451942881,3,1
1.6018324737972867,FALSE,FALSE,9,61.498105573550895,1.6272015675456555,100.06981379037023,1.6272015675456555,0,-7.520611994116309e-4,0,-0.01217364451942881,4,1
1.5806769931908524,FALSE,TRUE,9,75.80632786548196,1.6018324737972867,121.42903769425315,1.6131951892360075,0,-0.015837544913937924,1,-0.012874887178234849,5,1
1.5788850499812286,FALSE,TRUE,9,114.95232438960814,1.5806769931908524,181.7024944764653,1.598376786539788,0,-0.013383810036817502,2,-0.014400881091778596,6,1
1.54399648109422,FALSE,FALSE,9,114.95232438960814,1.5806769931908524,181.7024944764653,1.598376786539788,0,-0.0011349421603840894,2,-0.014400881091778596,7,1
1.6030029345929622,FALSE,TRUE,9,176.09739011682376,1.54399648109422,271.89375067025196,1.5760209160325191,0,-0.023756862496627743,3,-0.017035603092283892,8,1
1.6019889337563793,FALSE,FALSE,9,176.09739011682376,1.54399648109422,271.89375067025196,1.5760209160325191,0,0.036809947271696834,3,-0.017035603092283892,9,1
1.5959611481415774,FALSE,FALSE,9,176.09739011682376,1.54399648109422,271.89375067025196,1.5760209160325191,0,0.03620028293589854,3,-0.017035603092283892,10,1
1.5168732302295518,FALSE,FALSE,9,176.09739011682376,1.54399648109422,271.89375067025196,1.5760209160325191,0,0.03256010781206542,3,-0.017035603092283892,11,1
1.5872304024567012,FALSE,TRUE,9,268.218219288801,1.5168732302295518,406.85303669902186,1.5532458423899698,0,-0.01788102678861538,4,-0.021313205765256697,12,1
1.5532268668900826,FALSE,FALSE,9,268.218219288801,1.5168732302295518,406.85303669902186,1.5532458423899698,0,0.04432700641208184,4,-0.021313205765256697,13,1
1.5506200567839201,FALSE,FALSE,9,268.218219288801,1.5168732302295518,406.85303669902186,1.5532458423899698,0,0.023405232960796746,4,-0.021313205765256697,14,1
1.5619466712073367,FALSE,FALSE,9,268.218219288801,1.5168732302295518,406.85303669902186,1.5532458423899698,0,0.021763439990813288,4,-0.021313205765256697,15,1
1.5347750882845512,FALSE,FALSE,9,268.218219288801,1.5168732302295518,406.85303669902186,1.5532458423899698,0,0.02885722144594379,4,-0.021313205765256697,16,1
1.521263040506661,FALSE,FALSE,9,268.218219288801,1.5168732302295518,406.85303669902186,1.5532458423899698,0,0.011664157303340587,4,-0.021313205765256697,17,1
1.5281191132759706,FALSE,FALSE,9,268.218219288801,1.5168732302295518,406.85303669902186,1.5532458423899698,0,0.0028856352650539147,4,-0.021313205765256697,18,1
1.515551505519934,FALSE,FALSE,9,268.218219288801,1.5168732302295518,406.85303669902186,1.5532458423899698,0,0.007359297419106278,4,-0.021313205765256697,19,1
1.5268430103208561,FALSE,FALSE,9,268.218219288801,1.5168732302295518,406.85303669902186,1.5532458423899698,0,-8.72108077359165e-4,4,-0.021313205765256697,20,1
1.504626009277416,FALSE,FALSE,9,268.218219288801,1.5168732302295518,406.85303669902186,1.5532458423899698,0,0.006529669405376033,4,-0.021313205765256697,21,1
1.5199821634162305,FALSE,FALSE,9,268.218219288801,1.5168732302295518,406.85303669902186,1.5532458423899698,0,-0.008139711048872166,4,-0.021313205765256697,22,1
1.5046001671932507,FALSE,FALSE,9,268.218219288801,1.5168732302295518,406.85303669902186,1.5532458423899698,0,0.0020453747823535222,4,-0.021313205765256697,23,1
1.4183573428107235,FALSE,FALSE,9,268.218219288801,1.5168732302295518,406.85303669902186,1.5532458423899698,0,-0.00815702623454826,4,-0.021313205765256697,24,1
1.5434820279699473,FALSE,TRUE,9,429.2301664018909,1.4183573428107235,608.8017582719907,1.5018174511843652,0,-0.06945773427139443,5,-0.02820089287111476,25,1
1.4582586163651858,FALSE,FALSE,9,429.2301664018909,1.4183573428107235,608.8017582719907,1.5018174511843652,0,0.0810664995716167,5,-0.02820089287111476,26,1
1.5051746418071619,FALSE,FALSE,9,429.2301664018909,1.4183573428107235,608.8017582719907,1.5018174511843652,0,0.027362275186769796,5,-0.02820089287111476,27,1
1.5030977188486445,FALSE,FALSE,9,429.2301664018909,1.4183573428107235,608.8017582719907,1.5018174511843652,0,0.0576792197961844,5,-0.02820089287111476,28,1
1.5072113479128995,FALSE,FALSE,9,429.2301664018909,1.4183573428107235,608.8017582719907,1.5018174511843652,0,0.05637715697075983,5,-0.02820089287111476,29,1
1.4445643692565344,FALSE,FALSE,9,429.2301664018909,1.4183573428107235,608.8017582719907,1.5018174511843652,0,0.05895258500091309,5,-0.02820089287111476,30,1
1.4445643692565344,FALSE,FALSE,9,429.2301664018909,1.4183573428107235,608.8017582719907,1.5018174511843652,0,0.018141819778719023,5,-0.02820089287111476,30,1
0,FALSE,FALSE,0,0,0,0,0,0,0,0,-0.01217364451942881,0,2
1.0025739893178522,FALSE,FALSE,1,0,0,0,0,0,0,0,-0.01217364451942881,1,2
1.0058405139708233,FALSE,FALSE,9,99.81289646109548,1.0025739893178522,100.06981379037023,1.0025739893178522,0,0,0,-0.01217364451942881,2,2
1.0043626752832007,FALSE,FALSE,9,99.81289646109548,1.0025739893178522,100.06981379037023,1.0025739893178522,0,0.003247557249484397,0,-0.01217364451942881,3,2
1.0096685610572786,FALSE,FALSE,9,99.81289646109548,1.0025739893178522,100.06981379037023,1.0025739893178522,0,0.0017809164053652906,0,-0.01217364451942881,4,2
1.000821015968525,FALSE,FALSE,9,99.81289646109548,1.0025739893178522,100.06981379037023,1.0025739893178522,0,0.007026634296701576,0,-0.01217364451942881,5,2
1.0065207048882856,FALSE,FALSE,9,99.81289646109548,1.0025739893178522,100.06981379037023,1.0025739893178522,0,-0.0017515353108676782,0,-0.01217364451942881,6,2
1.0065067317522471,FALSE,FALSE,9,99.81289646109548,1.0025739893178522,100.06981379037023,1.0025739893178522,0,0.003921146928489072,0,-0.01217364451942881,7,2
1.01032252501206,FALSE,FALSE,9,99.81289646109548,1.0025739893178522,100.06981379037023,1.0025739893178522,0,0.003907318560650171,0,-0.01217364451942881,8,2
1.0038261081216067,FALSE,FALSE,9,99.81289646109548,1.0025739893178522,100.06981379037023,1.0025739893178522,0,0.007669368446591107,0,-0.01217364451942881,9,2
1.0021633595702633,FALSE,FALSE,9,99.81289646109548,1.0025739893178522,100.06981379037023,1.0025739893178522,0,0.0012473463218618886,0,-0.01217364451942881,10,2
1.0044360426429138,FALSE,FALSE,9,99.81289646109548,1.0025739893178522,100.06981379037023,1.0025739893178522,0,-4.097433254445345e-4,0,-0.01217364451942881,11,2
1.0104693214121179,FALSE,FALSE,9,99.81289646109548,1.0025739893178522,100.06981379037023,1.0025739893178522,0,0.0018538296576474855,0,-0.01217364451942881,12,2
1,FALSE,FALSE,9,99.81289646109548,1.0025739893178522,100.06981379037023,1.0025739893178522,0,0.007813529740053862,0,-0.01217364451942881,13,2
1.005828650954144,FALSE,FALSE,9,99.81289646109548,1.0025739893178522,100.06981379037023,1.0025739893178522,0,-0.0025739893178522433,0,-0.01217364451942881,14,2
1.007298515797497,FALSE,FALSE,9,99.81289646109548,1.0025739893178522,100.06981379037023,1.0025739893178522,0,0.0032358012800733247,0,-0.01217364451942881,15,2
1.0090090876870117,FALSE,FALSE,9,99.81289646109548,1.0025739893178522,100.06981379037023,1.0025739893178522,0,0.0046902942926548685,0,-0.01217364451942881,16,2
1.009054399871605,FALSE,FALSE,9,99.81289646109548,1.0025739893178522,100.06981379037023,1.0025739893178522,0,0.006377641636420604,0,-0.01217364451942881,17,2
1.0094179420666671,FALSE,FALSE,9,99.81289646109548,1.0025739893178522,100.06981379037023,1.0025739893178522,0,0.006422260836063347,0,-0.01217364451942881,18,2
1.0048091997495547,FALSE,FALSE,9,99.81289646109548,1.0025739893178522,100.06981379037023,1.0025739893178522,0,0.0067800981769777936,0,-0.01217364451942881,19,2
1.006592563396867,FALSE,FALSE,9,99.81289646109548,1.0025739893178522,100.06981379037023,1.0025739893178522,0,0.0022245123076695687,0,-0.01217364451942881,20,2
1.004989461359437,FALSE,FALSE,9,99.81289646109548,1.0025739893178522,100.06981379037023,1.0025739893178522,0,0.003992254885585174,0,-0.01217364451942881,21,2
1.0040610300283663,FALSE,FALSE,9,99.81289646109548,1.0025739893178522,100.06981379037023,1.0025739893178522,0,0.0024034799711405786,0,-0.01217364451942881,22,2
1.0102981325456464,FALSE,FALSE,9,99.81289646109548,1.0025739893178522,100.06981379037023,1.0025739893178522,0,0.0014810262185676857,0,-0.01217364451942881,23,2
1.0132793158266549,FALSE,FALSE,9,99.81289646109548,1.0025739893178522,100.06981379037023,1.0025739893178522,0,0.007645409784467902,0,-0.01217364451942881,24,2
1.0120000434048653,FALSE,FALSE,9,99.81289646109548,1.0025739893178522,100.06981379037023,1.0025739893178522,0,0.010565030136896648,0,-0.01217364451942881,25,2
1.0135715023012286,FALSE,FALSE,9,99.81289646109548,1.0025739893178522,100.06981379037023,1.0025739893178522,0,0.00931428229518563,0,-0.01217364451942881,26,2
1.0086209150571714,FALSE,FALSE,9,99.81289646109548,1.0025739893178522,100.06981379037023,1.0025739893178522,0,0.010850258672829141,0,-0.01217364451942881,27,2
1.0110860299595477,FALSE,FALSE,9,99.81289646109548,1.0025739893178522,100.06981379037023,1.0025739893178522,0,0.005995241273552652,0,-0.01217364451942881,28,2
1.009123134705327,FALSE,FALSE,9,99.81289646109548,1.0025739893178522,100.06981379037023,1.0025739893178522,0,0.008418710564160376,0,-0.01217364451942881,29,2
1.016325151521527,FALSE,FALSE,9,99.81289646109548,1.0025739893178522,100.06981379037023,1.0025739893178522,0,0.006489936819640224,0,-0.01217364451942881,30,2
1.016325151521527,FALSE,FALSE,9,99.81289646109548,1.0025739893178522,100.06981379037023,1.0025739893178522,0,0.013530278359330277,0,-0.01217364451942881,30,2
0,FALSE,FALSE,0,0,0,0,0,0,0,0,-0.01217364451942881,0,3
1.3767696129126181,FALSE,FALSE,1,0,0,0,0,0,0,0,-0.01217364451942881,1,3
1.3158555883586052,FALSE,FALSE,9,72.68450207777904,1.3767696129126181,100.06981379037023,1.376769612912618,0,0,0,-0.01217364451942881,2,3
1.422789790836669,FALSE,TRUE,9,92.28143176845373,1.3158555883586052,121.42903769425315,1.3426944964957785,0,-0.04629233260315211,1,-0.012874887178234849,3,3
1.3866791195712422,TRUE,FALSE,9,70.33351970534197,1.422789790836669,100.06981379037023,1.422789790836669,13.212995027633866,0.07515811764096317,0,-0.012874887178234849,4,3
1.3227782580301535,FALSE,TRUE,9,87.56823116497111,1.3866791195712422,121.42903769425315,1.4027637455809054,13.212995027633866,-0.02604111560906174,1,-0.013616523760630866,5,3
1.396359201194775,FALSE,TRUE,9,137.36428866547283,1.3227782580301535,181.7024944764653,1.3655527286341413,13.212995027633866,-0.04830806762446205,2,-0.015230420029754934,6,3
1.2616661991759108,FALSE,FALSE,9,137.36428866547283,1.3227782580301535,181.7024944764653,1.3655527286341413,13.212995027633866,0.05269485323093299,2,-0.015230420029754934,7,3
1.3899373505401986,FALSE,TRUE,9,215.50371314365577,1.2616661991759108,271.89375067025196,1.3217209771915162,13.212995027633866,-0.04843758110834667,3,-0.018016910833587814,8,3
1.3811876968338528,FALSE,FALSE,9,215.50371314365577,1.2616661991759108,271.89375067025196,1.3217209771915162,13.212995027633866,0.09228556331293296,3,-0.018016910833587814,9,3
1.2641647973722772,FALSE,FALSE,9,215.50371314365577,1.2616661991759108,271.89375067025196,1.3217209771915162,13.212995027633866,0.08653530431231429,3,-0.018016910833587814,10,3
1.277796781856553,FALSE,FALSE,9,215.50371314365577,1.2616661991759108,271.89375067025196,1.3217209771915162,13.212995027633866,0.001976481390369338,3,-0.018016910833587814,11,3
1.4354079062280087,FALSE,FALSE,9,215.50371314365577,1.2616661991759108,271.89375067025196,1.3217209771915162,13.212995027633866,0.01262374652188864,3,-0.018016910833587814,12,3
1.2525172255347141,TRUE,FALSE,9,69.71524495314752,1.4354079062280087,100.06981379037023,1.4354079062280087,58.067844626854594,0.12103995407734625,0,-0.018016910833587814,13,3
1.4143843823213809,FALSE,TRUE,9,96.94799817416778,1.2525172255347141,121.42903769425315,1.3290204086297468,58.067844626854594,-0.14601849536657388,1,-0.01905474518436523,14,3
1.3352130700368299,TRUE,FALSE,9,70.75149799528262,1.4143843823213809,100.06981379037023,1.414384382321381,14.227036701682579,0.11444354081526247,0,-0.01905474518436523,15,3
1.2713068133294545,FALSE,TRUE,9,90.94356580175156,1.3352130700368299,121.42903769425315,1.3698553702459169,14.227036701682579,-0.05929489012743649,1,-0.020152362266466686,16,3
1.477036839185971,FALSE,TRUE,9,142.92576156388282,1.2713068133294545,181.7024944764653,1.323617141025643,14.227036701682579,-0.05026816189241511,2,-0.02254091773389976,17,3
1.2814838223697471,TRUE,FALSE,9,67.750384510058,1.477036839185971,100.06981379037023,1.477036839185971,46.73483508022184,0.13928564298362323,0,-0.02254091773389976,18,3
1.3858417652493633,FALSE,TRUE,9,94.75659042632626,1.2814838223697471,121.42903769425315,1.36301135118251,46.73483508022184,-0.1525988962190744,1,-0.023839350020009403,19,3
1.4120087764202656,FALSE,FALSE,9,94.75659042632626,1.2814838223697471,121.42903769425315,1.36301135118251,46.73483508022184,0.07530292815272341,1,-0.023839350020009403,20,3
1.4111166793772836,FALSE,FALSE,9,94.75659042632626,1.2814838223697471,121.42903769425315,1.36301135118251,46.73483508022184,0.09243919459298704,1,-0.023839350020009403,21,3
1.3414955277480374,FALSE,FALSE,9,94.75659042632626,1.2814838223697471,121.42903769425315,1.36301135118251,46.73483508022184,0.09186544167612176,1,-0.023839350020009403,22,3
1.3282991500850445,FALSE,FALSE,9,94.75659042632626,1.2814838223697471,121.42903769425315,1.36301135118251,46.73483508022184,0.044734927651254745,1,-0.023839350020009403,23,3
1.283776776443754,FALSE,FALSE,9,94.75659042632626,1.2814838223697471,121.42903769425315,1.36301135118251,46.73483508022184,0.035244566491140224,1,-0.023839350020009403,24,3
1.3760580125032367,FALSE,FALSE,9,94.75659042632626,1.2814838223697471,121.42903769425315,1.36301135118251,46.73483508022184,0.0017861002910168557,1,-0.023839350020009403,25,3
1.3587148236555966,FALSE,FALSE,9,94.75659042632626,1.2814838223697471,121.42903769425315,1.36301135118251,46.73483508022184,0.06872834522539223,1,-0.023839350020009403,26,3
1.3577876225761056,FALSE,FALSE,9,94.75659042632626,1.2814838223697471,121.42903769425315,1.36301135118251,46.73483508022184,0.056841214904876744,1,-0.023839350020009403,27,3
1.435921550147631,FALSE,FALSE,9,94.75659042632626,1.2814838223697471,121.42903769425315,1.36301135118251,46.73483508022184,0.056197154059770195,1,-0.023839350020009403,28,3
1.434872708882688,FALSE,FALSE,9,94.75659042632626,1.2814838223697471,121.42903769425315,1.36301135118251,46.73483508022184,0.10755303990110443,1,-0.023839350020009403,29,3
1.367409578343417,FALSE,FALSE,9,94.75659042632626,1.2814838223697471,121.42903769425315,1.36301135118251,46.73483508022184,0.10690069269794833,1,-0.023839350020009403,30,3
1.367409578343417,FALSE,FALSE,9,94.75659042632626,1.2814838223697471,121.42903769425315,1.36301135118251,46.73483508022184,0.06283834582888241,1,-0.023839350020009403,30,3
0,FALSE,FALSE,0,0,0,0,0,0,0,0,-0.01217364451942881,0,4
1.0896751202646904,FALSE,FALSE,1,0,0,0,0,0,0,0,-0.01217364451942881,1,4
1.0674855997430273,FALSE,FALSE,9,91.83454034085179,1.0896751202646904,100.06981379037023,1.0896751202646904,0,0,0,-0.01217364451942881,2,4
1.0509772476538306,FALSE,TRUE,9,113.752389468752,1.0674855997430273,121.42903769425315,1.0773975353868839,0,-0.020786716492479842,1,-0.012874887178234849,3,4
1.042100278576011,FALSE,TRUE,9,172.88908478474903,1.0509772476538306,181.7024944764653,1.0653286612976949,0,-0.015707620812961835,2,-0.014400881091778596,4,4
1.0118306280509428,FALSE,FALSE,9,172.88908478474903,1.0509772476538306,181.7024944764653,1.0653286612976949,0,-0.008518344405348093,2,-0.014400881091778596,5,4
1.0721883692223262,FALSE,TRUE,9,268.7146871546993,1.0118306280509428,271.89375067025196,1.043116186321707,0,-0.03868890555160865,3,-0.017035603092283892,6,4
1.0005979019481974,FALSE,FALSE,9,268.7146871546993,1.0118306280509428,271.89375067025196,1.043116186321707,0,0.056293971193850684,3,-0.017035603092283892,7,4
1.0551563081493194,FALSE,FALSE,9,268.7146871546993,1.0118306280509428,271.89375067025196,1.043116186321707,0,-0.011226014047076155,3,-0.017035603092283892,8,4
1.1155557030556553,FALSE,FALSE,9,268.7146871546993,1.0118306280509428,271.89375067025196,1.043116186321707,0,0.04106091179454464,3,-0.017035603092283892,9,4
1.0904364032561806,TRUE,FALSE,9,89.70400448517785,1.1155557030556553,100.06981379037023,1.1155557030556553,46.88218166940612,0.0929806326305318,0,-0.017035603092283892,10,4
1.0450170026865115,FALSE,TRUE,9,111.35820239644488,1.0904364032561806,121.42903769425315,1.1016433914655723,46.88218166940612,-0.023036006248934184,1,-0.018016910833587814,11,4
1.0656345682718196,FALSE,TRUE,9,173.87515610688408,1.0450170026865115,181.7024944764653,1.0753832126713077,46.88218166940612,-0.043462834052370135,2,-0.020152362266466686,12,4
1.0604524849603738,FALSE,FALSE,9,173.87515610688408,1.0450170026865115,181.7024944764653,1.0753832126713077,46.88218166940612,0.01934768840949325,2,-0.020152362266466686,13,4
1.0134995650558227,FALSE,FALSE,9,173.87515610688408,1.0450170026865115,181.7024944764653,1.0753832126713077,46.88218166940612,0.014555562359249928,2,-0.020152362266466686,14,4
1.0375449452532601,FALSE,TRUE,9,268.2721927515344,1.0134995650558227,271.89375067025196,1.0495725547090384,46.88218166940612,-0.031097633109445747,3,-0.023839350020009403,15,4
1.0987568981516844,FALSE,FALSE,9,268.2721927515344,1.0134995650558227,271.89375067025196,1.0495725547090384,46.88218166940612,0.023175266100465684,3,-0.023839350020009403,16,4
1.0851784992100846,FALSE,FALSE,9,268.2721927515344,1.0134995650558227,271.89375067025196,1.0495725547090384,46.88218166940612,0.07759435525663644,3,-0.023839350020009403,17,4
1.0721914473078706,FALSE,FALSE,9,268.2721927515344,1.0134995650558227,271.89375067025196,1.0495725547090384,46.88218166940612,0.06605266710171448,3,-0.023839350020009403,18,4
1.0381812609615908,FALSE,FALSE,9,268.2721927515344,1.0134995650558227,271.89375067025196,1.0495725547090384,46.88218166940612,0.054740114183353526,3,-0.023839350020009403,19,4
1.126431312760409,FALSE,FALSE,9,268.2721927515344,1.0134995650558227,271.89375067025196,1.0495725547090384,46.88218166940612,0.02377397554152272,3,-0.023839350020009403,20,4
1.0416282397261465,TRUE,FALSE,9,88.8379190606316,1.126431312760409,100.06981379037023,1.126431312760409,49.43628762095352,0.10025622195093119,0,-0.023839350020009403,21,4
1.0450055026302891,FALSE,TRUE,9,116.57617666565756,1.0416282397261465,121.42903769425315,1.0783040506614838,49.43628762095352,-0.08141395346247342,1,-0.025212576350510434,22,4
1.0029431549415573,FALSE,FALSE,9,116.57617666565756,1.0416282397261465,121.42903769425315,1.0783040506614838,49.43628762095352,0.0032318135126006876,1,-0.025212576350510434,23,4
1.06189617635005,FALSE,TRUE,9,181.16928519947206,1.0029431549415573,181.7024944764653,1.0429867548768703,49.43628762095352,-0.03857156269922739,2,-0.028200892871114755,24,4
1.0524651093014492,FALSE,FALSE,9,181.16928519947206,1.0029431549415573,181.7024944764653,1.0429867548768703,49.43628762095352,0.05551674704313009,2,-0.028200892871114755,25,4
1.0913824462254595,FALSE,FALSE,9,181.16928519947206,1.0029431549415573,181.7024944764653,1.0429867548768703,49.43628762095352,0.04705329794045244,2,-0.028200892871114755,26,4
1.0796900555109201,FALSE,FALSE,9,181.16928519947206,1.0029431549415573,181.7024944764653,1.0429867548768703,49.43628762095352,0.08103418887647414,2,-0.028200892871114755,27,4
1.0632313517236345,FALSE,FALSE,9,181.16928519947206,1.0029431549415573,181.7024944764653,1.0429867548768703,49.43628762095352,0.07108234458364576,2,-0.028200892871114755,28,4
1.0674462150163904,FALSE,FALSE,9,181.16928519947206,1.0029431549415573,181.7024944764653,1.0429867548768703,49.43628762095352,0.05670280196717515,2,-0.028200892871114755,29,4
1.1035352290826066,FALSE,FALSE,9,181.16928519947206,1.0029431549415573,181.7024944764653,1.0429867548768703,49.43628762095352,0.060427456828672774,2,-0.028200892871114755,30,4
1.1035352290826066,FALSE,FALSE,9,90.68112295206062,1.1035352290826066,100.06981379037023,1.1035352290826066,23.4070338683498,0.09115438410124319,0,-0.028200892871114755,30,4
0,FALSE,FALSE,0,0,0,0,0,0,0,0,-0.01217364451942881,0,5
1.9775858048860828,FALSE,FALSE,1,0,0,0,0,0,0,0,-0.01217364451942881,1,5
1.9713856036162452,FALSE,FALSE,9,50.60200854148762,1.9775858048860828,100.06981379037023,1.9775858048860828,0,0,0,-0.01217364451942881,2,5
1.98224251499865,FALSE,FALSE,9,50.60200854148762,1.9775858048860828,100.06981379037023,1.9775858048860828,0,-0.003145098177882715,0,-0.01217364451942881,3,5
1.9835688922861294,FALSE,FALSE,9,50.60200854148762,1.9775858048860828,100.06981379037023,1.9775858048860828,0,0.002349213114607401,0,-0.01217364451942881,4,5
1.9796604642168818,FALSE,FALSE,9,50.60200854148762,1.9775858048860828,100.06981379037023,1.9775858048860828,0,0.003016324476207578,0,-0.01217364451942881,5,5
1.9743900608601133,FALSE,FALSE,9,50.60200854148762,1.9775858048860828,100.06981379037023,1.9775858048860828,0,0.0010479874545656878,0,-0.01217364451942881,6,5
1.9880910489337262,FALSE,FALSE,9,50.60200854148762,1.9775858048860828,100.06981379037023,1.9775858048860828,0,-0.0016185981125621056,0,-0.01217364451942881,7,5
1.9856619247866418,FALSE,FALSE,9,50.60200854148762,1.9775858048860828,100.06981379037023,1.9775858048860828,0,0.005284085984531592,0,-0.01217364451942881,8,5
1.9834235292850604,FALSE,FALSE,9,50.60200854148762,1.9775858048860828,100.06981379037023,1.9775858048860828,0,0.004067217988997187,0,-0.01217364451942881,9,5
1.9843785480967155,FALSE,FALSE,9,50.60200854148762,1.9775858048860828,100.06981379037023,1.9775858048860828,0,0.0029432566029313025,0,-0.01217364451942881,10,5
1.987622893060296,FALSE,FALSE,9,50.60200854148762,1.9775858048860828,100.06981379037023,1.9775858048860828,0,0.003423108568245647,0,-0.01217364451942881,11,5
1.9905096388967745,FALSE,FALSE,9,50.60200854148762,1.9775858048860828,100.06981379037023,1.9775858048860828,0,0.005049795013559765,0,-0.01217364451942881,12,5
1.9926682187900528,FALSE,FALSE,9,50.60200854148762,1.9775858048860828,100.06981379037023,1.9775858048860828,0,0.00649272616326268,0,-0.01217364451942881,13,5
1.9827132596913541,FALSE,FALSE,9,50.60200854148762,1.9775858048860828,100.06981379037023,1.9775858048860828,0,0.00756895390900953,0,-0.01217364451942881,14,5
1.9889257910799083,FALSE,FALSE,9,50.60200854148762,1.9775858048860828,100.06981379037023,1.9775858048860828,0,0.002586079848010654,0,-0.01217364451942881,15,5
2,FALSE,FALSE,9,50.60200854148762,1.9775858048860828,100.06981379037023,1.9775858048860828,0,0.0057015632482036015,0,-0.01217364451942881,16,5
1.9860246706379905,FALSE,FALSE,9,50.60200854148762,1.9775858048860828,100.06981379037023,1.9775858048860828,0,0.01120709755695859,0,-0.01217364451942881,17,5
1.979936646509219,FALSE,FALSE,9,50.60200854148762,1.9775858048860828,100.06981379037023,1.9775858048860828,0,0.004249124331973562,0,-0.01217364451942881,18,5
1.9853762256538023,FALSE,FALSE,9,50.60200854148762,1.9775858048860828,100.06981379037023,1.9775858048860828,0,0.001187331739770998,0,-0.01217364451942881,19,5
1.982693140490075,FALSE,FALSE,9,50.60200854148762,1.9775858048860828,100.06981379037023,1.9775858048860828,0,0.003923901508971713,0,-0.01217364451942881,20,5
1.9894983841959368,FALSE,FALSE,9,50.60200854148762,1.9775858048860828,100.06981379037023,1.9775858048860828,0,0.0025759586794806342,0,-0.01217364451942881,21,5
1.9888310378447533,FALSE,FALSE,9,50.60200854148762,1.9775858048860828,100.06981379037023,1.9775858048860828,0,0.005987730075321737,0,-0.01217364451942881,22,5
1.9910179194603181,FALSE,FALSE,9,50.60200854148762,1.9775858048860828,100.06981379037023,1.9775858048860828,0,0.005654192208734184,0,-0.01217364451942881,23,5
1.9751946144400914,FALSE,FALSE,9,50.60200854148762,1.9775858048860828,100.06981379037023,1.9775858048860828,0,0.006746355441078203,0,-0.01217364451942881,24,5
1.98878180983321,FALSE,FALSE,9,50.60200854148762,1.9775858048860828,100.06981379037023,1.9775858048860828,0,-0.0012106100474910846,0,-0.01217364451942881,25,5
1.9845983052287806,FALSE,FALSE,9,50.60200854148762,1.9775858048860828,100.06981379037023,1.9775858048860828,0,0.005629579319244726,0,-0.01217364451942881,26,5
1.9750913426783994,FALSE,FALSE,9,50.60200854148762,1.9775858048860828,100.06981379037023,1.9775858048860828,0,0.0035334608138191215,0,-0.01217364451942881,27,5
1.9877673953199535,FALSE,FALSE,9,50.60200854148762,1.9775858048860828,100.06981379037023,1.9775858048860828,0,-0.0012629604280988565,0,-0.01217364451942881,28,5
1.985470637493802,FALSE,FALSE,9,50.60200854148762,1.9775858048860828,100.06981379037023,1.9775858048860828,0,0.005122123673948198,0,-0.01217364451942881,29,5
1.9894280879573354,FALSE,FALSE,9,50.60200854148762,1.9775858048860828,100.06981379037023,1.9775858048860828,0,0.003971266287610274,0,-0.01217364451942881,30,5
1.9894280879573354,FALSE,FALSE,9,50.60200854148762,1.9775858048860828,100.06981379037023,1.9775858048860828,0,0.005952606753135645,0,-0.01217364451942881,30,5
0,FALSE,FALSE,0,0,0,0,0,0,0,0,-0.01217364451942881,0,6
1.1497769953168553,FALSE,FALSE,1,0,0,0,0,0,0,0,-0.01217364451942881,1,6
1.1738611060023758,FALSE,FALSE,9,87.03410678589287,1.1497769953168553,100.06981379037023,1.1497769953168553,0,0,0,-0.01217364451942881,2,6
1.2464457026018585,FALSE,FALSE,9,87.03410678589287,1.1497769953168553,100.06981379037023,1.1497769953168553,0,0.02051700202210446,0,-0.01217364451942881,3,6
1.3328207122646498,TRUE,FALSE,9,80.28413398311878,1.2464457026018585,100.06981379037023,1.2464457026018585,8.413474592697185,0.07755549004919733,0,-0.01217364451942881,4,6
1.2421447940670394,TRUE,FALSE,9,75.08122650670512,1.3328207122646498,100.06981379037023,1.3328207122646498,6.93454284856071,0.06480617300434058,0,-0.01217364451942881,5,6
1.400166454863268,FALSE,TRUE,9,97.7575547345566,1.2421447940670394,121.42903769425315,1.281534444375873,6.93454284856071,-0.07299947528719153,1,-0.012874887178234849,6,6
1.3570892191394313,TRUE,FALSE,9,71.46994090794902,1.400166454863268,100.06981379037023,1.400166454863268,20.504212108841926,0.11285919631009876,0,-0.012874887178234849,7,6
1.2271463270882308,FALSE,TRUE,9,89.47756417316081,1.3570892191394313,121.42903769425315,1.376217987181588,20.504212108841926,-0.03174237560530707,1,-0.013616523760630866,8,6
1.3429890956252546,FALSE,TRUE,9,148.06913443452862,1.2271463270882308,181.7024944764653,1.3047884625018187,20.504212108841926,-0.10589029945559025,2,-0.015230420029754934,9,6
1.3330483737588894,FALSE,FALSE,9,148.06913443452862,1.2271463270882308,181.7024944764653,1.3047884625018187,20.504212108841926,0.08625741557722101,2,-0.015230420029754934,10,6
1.4131468493166222,FALSE,FALSE,9,148.06913443452862,1.2271463270882308,181.7024944764653,1.3047884625018187,20.504212108841926,0.0794435136453745,2,-0.015230420029754934,11,6
1.4706089595670633,TRUE,FALSE,9,70.81345710020341,1.4131468493166222,100.06981379037023,1.4131468493166222,33.48454455684623,0.1316215100492483,0,-0.015230420029754934,12,6
1.3047568364161524,FALSE,FALSE,9,70.81345710020341,1.4131468493166222,100.06981379037023,1.4131468493166222,33.48454455684623,0.0390736843241847,0,-0.015230420029754934,13,6
1.51663114140854,FALSE,TRUE,9,93.06641230391173,1.3047568364161524,121.42903769425315,1.3515927995916588,33.48454455684623,-0.08307296032124317,1,-0.016107743186296326,14,6
1.4386287142527547,TRUE,FALSE,9,65.98164250895735,1.51663114140854,100.06981379037023,1.51663114140854,27.04646190362223,0.13970061619308025,0,-0.016107743186296326,15,6
1.4811470359036147,FALSE,TRUE,9,84.4060990102823,1.4386287142527547,121.42903769425315,1.472851771341258,27.04646190362223,-0.054219984894643886,1,-0.017035603092283896,16,6
1.5105542523969255,FALSE,FALSE,9,84.4060990102823,1.4386287142527547,121.42903769425315,1.472851771341258,27.04646190362223,0.028706347594261987,1,-0.017035603092283896,17,6
1.540825905837257,FALSE,FALSE,9,84.4060990102823,1.4386287142527547,121.42903769425315,1.472851771341258,27.04646190362223,0.047615329293893546,1,-0.017035603092283896,18,6
1.4256910815048776,FALSE,FALSE,9,84.4060990102823,1.4386287142527547,121.42903769425315,1.472851771341258,27.04646190362223,0.06632624178847138,1,-0.017035603092283896,19,6
1.5220591720657302,FALSE,FALSE,9,84.4060990102823,1.4386287142527547,121.42903769425315,1.472851771341258,27.04646190362223,-0.009074639601603568,1,-0.017035603092283896,20,6
1.6340409394197768,FALSE,FALSE,9,84.4060990102823,1.4386287142527547,121.42903769425315,1.472851771341258,27.04646190362223,0.05481420127690836,1,-0.017035603092283896,21,6
1.556801020468817,TRUE,FALSE,9,61.24070173290977,1.6340409394197768,100.06981379037023,1.6340409394197768,24.24087494469353,0.11958832881898906,0,-0.017035603092283896,22,6
1.5007718938466028,FALSE,TRUE,9,77.99907380436188,1.556801020468817,121.42903769425315,1.5907728278787165,24.24087494469353,-0.04961450945587106,1,-0.018016910833587817,23,6
1.5247682985721154,FALSE,TRUE,9,121.0726928065975,1.5007718938466028,181.7024944764653,1.5489129219445044,24.24087494469353,-0.03733353939525537,2,-0.02015236226646669,24,6
1.521806069433918,FALSE,FALSE,9,121.0726928065975,1.5007718938466028,181.7024944764653,1.5489129219445044,24.24087494469353,0.01573773847999348,2,-0.02015236226646669,25,6
1.5169523759506776,FALSE,FALSE,9,121.0726928065975,1.5007718938466028,181.7024944764653,1.5489129219445044,24.24087494469353,0.013821850240838788,2,-0.02015236226646669,26,6
1.4731142048166395,FALSE,FALSE,9,121.0726928065975,1.5007718938466028,181.7024944764653,1.5489129219445044,24.24087494469353,0.01066644039759943,2,-0.02015236226646669,27,6
1.6574267834965437,FALSE,FALSE,9,121.0726928065975,1.5007718938466028,181.7024944764653,1.5489129219445044,24.24087494469353,-0.018774979522654146,2,-0.02015236226646669,28,6
1.6638625822757425,TRUE,FALSE,9,60.376611978757076,1.6574267834965437,100.06981379037023,1.6574267834965437,28.247511150136233,0.09451692901900519,0,-0.02015236226646669,29,6
1.558766931521594,FALSE,FALSE,9,60.376611978757076,1.6574267834965437,100.06981379037023,1.6574267834965437,28.247511150136233,0.0038679869646423633,0,-0.02015236226646669,30,6
1.558766931521594,FALSE,TRUE,9,77.90070166276874,1.558766931521594,121.42903769425315,1.6018452025965992,28.247511150136233,-0.06329352386160945,1,-0.0213132057652567,30,6
0,FALSE,FALSE,0,0,0,0,0,0,0,0,-0.01217364451942881,0,7
1.0215482754731267,FALSE,FALSE,1,0,0,0,0,0,0,0,-0.01217364451942881,1,7
1.0294331065727098,FALSE,FALSE,9,97.95896698472056,1.0215482754731267,100.06981379037023,1.0215482754731267,0,0,0,-0.01217364451942881,2,7
1.0262245121276174,FALSE,FALSE,9,97.95896698472056,1.0215482754731267,100.06981379037023,1.0215482754731267,0,0.007659391415760965,0,-0.01217364451942881,3,7
1.0300945585351489,FALSE,FALSE,9,97.95896698472056,1.0215482754731267,100.06981379037023,1.0215482754731267,0,0.004556738412723936,0,-0.01217364451942881,4,7
1.0257271750123658,FALSE,FALSE,9,97.95896698472056,1.0215482754731267,100.06981379037023,1.0215482754731267,0,0.008296600531678851,0,-0.01217364451942881,5,7
1.0355175797991585,FALSE,FALSE,9,97.95896698472056,1.0215482754731267,100.06981379037023,1.0215482754731267,0,0.004074084845406121,0,-0.01217364451942881,6,7
1.0311116538936913,FALSE,FALSE,9,97.95896698472056,1.0215482754731267,100.06981379037023,1.0215482754731267,0,0.013490166269066349,0,-0.01217364451942881,7,7
1.0302696480181526,FALSE,FALSE,9,97.95896698472056,1.0215482754731267,100.06981379037023,1.0215482754731267,0,0.009274823327281145,0,-0.01217364451942881,8,7
1.0383893068404886,FALSE,FALSE,9,97.95896698472056,1.0215482754731267,100.06981379037023,1.0215482754731267,0,0.008465135862055653,0,-0.01217364451942881,9,7
1.038069913590461,FALSE,FALSE,9,97.95896698472056,1.0215482754731267,100.06981379037023,1.0215482754731267,0,0.016218417559214087,0,-0.01217364451942881,10,7
1.0408662393651371,FALSE,FALSE,9,97.95896698472056,1.0215482754731267,100.06981379037023,1.0215482754731267,0,0.01591572773763331,0,-0.01217364451942881,11,7
1.0484758923193187,FALSE,FALSE,9,97.95896698472056,1.0215482754731267,100.06981379037023,1.0215482754731267,0,0.018559506650723152,0,-0.01217364451942881,12,7
1.0481648366023355,FALSE,FALSE,9,97.95896698472056,1.0215482754731267,100.06981379037023,1.0215482754731267,0,0.025682628511968786,0,-0.01217364451942881,13,7
1.0389967763808425,FALSE,FALSE,9,97.95896698472056,1.0215482754731267,100.06981379037023,1.0215482754731267,0,0.02539348793219147,0,-0.01217364451942881,14,7
1.0403148469192893,FALSE,FALSE,9,97.95896698472056,1.0215482754731267,100.06981379037023,1.0215482754731267,0,0.016793604469587074,0,-0.01217364451942881,15,7
1.045136568475381,FALSE,FALSE,9,97.95896698472056,1.0215482754731267,100.06981379037023,1.0215482754731267,0,0.018039319059740995,0,-0.01217364451942881,16,7
1.0447789179643183,FALSE,FALSE,9,97.95896698472056,1.0215482754731267,100.06981379037023,1.0215482754731267,0,0.022569579626004675,0,-0.01217364451942881,17,7
1.0516736925021704,FALSE,FALSE,9,97.95896698472056,1.0215482754731267,100.06981379037023,1.0215482754731267,0,0.022234983968144204,0,-0.01217364451942881,18,7
1.0529747076087574,FALSE,FALSE,9,97.95896698472056,1.0215482754731267,100.06981379037023,1.0215482754731267,0,0.02864521309586864,0,-0.01217364451942881,19,7
1.0464076101531141,FALSE,FALSE,9,97.95896698472056,1.0215482754731267,100.06981379037023,1.0215482754731267,0,0.029845381763250835,0,-0.01217364451942881,20,7
1.059514144285943,FALSE,FALSE,9,97.95896698472056,1.0215482754731267,100.06981379037023,1.0215482754731267,0,0.023756836665541795,0,-0.01217364451942881,21,7
1.0461259357561106,FALSE,FALSE,9,97.95896698472056,1.0215482754731267,100.06981379037023,1.0215482754731267,0,0.035833281714614,0,-0.01217364451942881,22,7
1.0503556184871012,FALSE,FALSE,9,97.95896698472056,1.0215482754731267,100.06981379037023,1.0215482754731267,0,0.023493978538272134,0,-0.01217364451942881,23,7
1.0583159455568256,FALSE,FALSE,9,97.95896698472056,1.0215482754731267,100.06981379037023,1.0215482754731267,0,0.027426275926878713,0,-0.01217364451942881,24,7
1.0595233726609963,FALSE,FALSE,9,97.95896698472056,1.0215482754731267,100.06981379037023,1.0215482754731267,0,0.034741676375625155,0,-0.01217364451942881,25,7
1.0515238636548296,FALSE,FALSE,9,97.95896698472056,1.0215482754731267,100.06981379037023,1.0215482754731267,0,0.03584167953982464,0,-0.01217364451942881,26,7
1.0542908118405208,FALSE,FALSE,9,97.95896698472056,1.0215482754731267,100.06981379037023,1.0215482754731267,0,0.028506807327715284,0,-0.01217364451942881,27,7
1.0584926667815426,FALSE,FALSE,9,97.95896698472056,1.0215482754731267,100.06981379037023,1.0215482754731267,0,0.031056456150114837,0,-0.01217364451942881,28,7
1.0587063802079348,FALSE,FALSE,9,97.95896698472056,1.0215482754731267,100.06981379037023,1.0215482754731267,0,0.03490283160935754,0,-0.01217364451942881,29,7
1.0553585348953756,FALSE,FALSE,9,97.95896698472056,1.0215482754731267,100.06981379037023,1.0215482754731267,0,0.03509764881884452,0,-0.01217364451942881,30,7
1.0553585348953756,FALSE,FALSE,9,97.95896698472056,1.0215482754731267,100.06981379037023,1.0215482754731267,0,0.03203675178085402,0,-0.01217364451942881,30,7
0,FALSE,FALSE,0,0,0,0,0,0,0,0,-0.01217364451942881,0,8
1.7884902448692923,FALSE,FALSE,1,0,0,0,0,0,0,0,-0.01217364451942881,1,8
1.8619850194078702,FALSE,FALSE,9,55.95211608083644,1.7884902448692923,100.06981379037023,1.7884902448692923,0,0,0,-0.01217364451942881,2,8
1.8754253777610748,FALSE,FALSE,9,55.95211608083644,1.7884902448692923,100.06981379037023,1.7884902448692923,0,0.03947119540303819,0,-0.01217364451942881,3,8
1.8758436506486462,FALSE,FALSE,9,55.95211608083644,1.7884902448692923,100.06981379037023,1.7884902448692923,0,0.046354887761819445,0,-0.01217364451942881,4,8
1.8025961163316446,FALSE,FALSE,9,55.95211608083644,1.7884902448692923,100.06981379037023,1.7884902448692923,0,0.04656753016124135,0,-0.01217364451942881,5,8
1.8541341698953837,FALSE,FALSE,9,55.95211608083644,1.7884902448692923,100.06981379037023,1.7884902448692923,0,0.007825308916707492,0,-0.01217364451942881,6,8
1.7999738973279107,FALSE,FALSE,9,55.95211608083644,1.7884902448692923,100.06981379037023,1.7884902448692923,0,0.03540408568695719,0,-0.01217364451942881,7,8
1.8802397456144422,FALSE,FALSE,9,55.95211608083644,1.7884902448692923,100.06981379037023,1.7884902448692923,0,0.006379899439467449,0,-0.01217364451942881,8,8
1.813309818506629,FALSE,FALSE,9,55.95211608083644,1.7884902448692923,100.06981379037023,1.7884902448692923,0,0.048796703164663245,0,-0.01217364451942881,9,8
1.8642261713946335,FALSE,FALSE,9,55.95211608083644,1.7884902448692923,100.06981379037023,1.7884902448692923,0,0.013687442368661025,0,-0.01217364451942881,10,8
1.8818848774873311,FALSE,FALSE,9,55.95211608083644,1.7884902448692923,100.06981379037023,1.7884902448692923,0,0.04062593245790715,0,-0.01217364451942881,11,8
1.8950568690935858,FALSE,FALSE,9,55.95211608083644,1.7884902448692923,100.06981379037023,1.7884902448692923,0,0.04962823907843829,0,-0.01217364451942881,12,8
1.7758333605921715,TRUE,FALSE,9,52.8057048959349,1.8950568690935858,100.06981379037023,1.8950568690935858,5.962628128940551,0.05623399801994587,0,-0.01217364451942881,13,8
1.8981256023249409,FALSE,TRUE,9,68.37862177212466,1.7758333605921715,121.42903769425315,1.8277846448851347,5.962628128940551,-0.067136653217089,1,-0.012874887178234849,14,8
1.9473904549233958,FALSE,FALSE,9,68.37862177212466,1.7758333605921715,121.42903769425315,1.8277846448851347,5.962628128940551,0.06442789749159822,1,-0.012874887178234849,15,8
1.774714896878896,TRUE,FALSE,9,51.386620252437595,1.9473904549233958,100.06981379037023,1.9473904549233958,14.494349555074507,0.08809588950048174,0,-0.012874887178234849,16,8
1.850594169877467,FALSE,TRUE,9,68.42171545852489,1.774714896878896,121.42903769425315,1.8487766328629187,14.494349555074507,-0.09729763262154158,1,-0.013616523760630866,17,8
1.8468349693378192,FALSE,FALSE,9,68.42171545852489,1.774714896878896,121.42903769425315,1.8487766328629187,14.494349555074507,0.04100265430080507,1,-0.013616523760630866,18,8
1.8791977197605527,FALSE,FALSE,9,68.42171545852489,1.774714896878896,121.42903769425315,1.8487766328629187,14.494349555074507,0.03905063184112322,1,-0.013616523760630866,19,8
1.8346729013001528,FALSE,FALSE,9,68.42171545852489,1.774714896878896,121.42903769425315,1.8487766328629187,14.494349555074507,0.05559969649972222,1,-0.013616523760630866,20,8
1.7570904158020508,FALSE,FALSE,9,68.42171545852489,1.774714896878896,121.42903769425315,1.8487766328629187,14.494349555074507,0.03268048728400973,1,-0.013616523760630866,21,8
1.8900203625782934,FALSE,FALSE,9,68.42171545852489,1.774714896878896,121.42903769425315,1.8487766328629187,14.494349555074507,-0.010030491839431124,1,-0.013616523760630866,22,8
1.9047150688961447,FALSE,FALSE,9,68.42171545852489,1.774714896878896,121.42903769425315,1.8487766328629187,14.494349555074507,0.061007525623746284,1,-0.013616523760630866,23,8
1.8924034746348486,FALSE,FALSE,9,68.42171545852489,1.774714896878896,121.42903769425315,1.8487766328629187,14.494349555074507,0.06825176854015695,1,-0.013616523760630866,24,8
1.8938780133615913,FALSE,FALSE,9,68.42171545852489,1.774714896878896,121.42903769425315,1.8487766328629187,14.494349555074507,0.06219000299535035,1,-0.013616523760630866,25,8
1.9248533026461632,FALSE,FALSE,9,68.42171545852489,1.774714896878896,121.42903769425315,1.8487766328629187,14.494349555074507,0.06292016467902466,1,-0.013616523760630866,26,8
1.8387841212438025,FALSE,FALSE,9,68.42171545852489,1.774714896878896,121.42903769425315,1.8487766328629187,14.494349555074507,0.07799992111651663,1,-0.013616523760630866,27,8
1.87626174606881,FALSE,FALSE,9,68.42171545852489,1.774714896878896,121.42903769425315,1.8487766328629187,14.494349555074507,0.03484325518406612,1,-0.013616523760630866,28,8
1.9420101009290676,FALSE,FALSE,9,68.42171545852489,1.774714896878896,121.42903769425315,1.8487766328629187,14.494349555074507,0.05412189925135848,1,-0.013616523760630866,29,8
1.8235145592653783,FALSE,FALSE,9,68.42171545852489,1.774714896878896,121.42903769425315,1.8487766328629187,14.494349555074507,0.08614538305961268,1,-0.013616523760630866,30,8
1.8235145592653783,FALSE,FALSE,9,68.42171545852489,1.774714896878896,121.42903769425315,1.8487766328629187,14.494349555074507,0.026761323148492885,1,-0.013616523760630866,30,8
0,FALSE,FALSE,0,0,0,0,0,0,0,0,-0.01217364451942881,0,9
1.0215482754731267,FALSE,FALSE,1,0,0,0,0,0,0,0,-0.01217364451942881,1,9
1.0294331065727098,FALSE,FALSE,9,97.95896698472056,1.0215482754731267,100.06981379037023,1.0215482754731267,0,0,0,-0.01217364451942881,2,9
1.0262245121276174,FALSE,FALSE,9,97.95896698472056,1.0215482754731267,100.06981379037023,1.0215482754731267,0,0.007659391415760965,0,-0.01217364451942881,3,9
1.0300945585351489,FALSE,FALSE,9,97.95896698472056,1.0215482754731267,100.06981379037023,1.0215482754731267,0,0.004556738412723936,0,-0.01217364451942881,4,9
1.0257271750123658,FALSE,FALSE,9,97.95896698472056,1.0215482754731267,100.06981379037023,1.0215482754731267,0,0.008296600531678851,0,-0.01217364451942881,5,9
1.0355175797991585,FALSE,FALSE,9,97.95896698472056,1.0215482754731267,100.06981379037023,1.0215482754731267,0,0.004074084845406121,0,-0.01217364451942881,6,9
1.0311116538936913,FALSE,FALSE,9,97.95896698472056,1.0215482754731267,100.06981379037023,1.0215482754731267,0,0.013490166269066349,0,-0.01217364451942881,7,9
1.0302696480181526,FALSE,FALSE,9,97.95896698472056,1.0215482754731267,100.06981379037023,1.0215482754731267,0,0.009274823327281145,0,-0.01217364451942881,8,9
1.0383893068404886,FALSE,FALSE,9,97.95896698472056,1.0215482754731267,100.06981379037023,1.0215482754731267,0,0.008465135862055653,0,-0.01217364451942881,9,9
1.038069913590461,FALSE,FALSE,9,97.95896698472056,1.0215482754731267,100.06981379037023,1.0215482754731267,0,0.016218417559214087,0,-0.01217364451942881,10,9
1.0408662393651371,FALSE,FALSE,9,97.95896698472056,1.0215482754731267,100.06981379037023,1.0215482754731267,0,0.01591572773763331,0,-0.01217364451942881,11,9
1.0484758923193187,FALSE,FALSE,9,97.95896698472056,1.0215482754731267,100.06981379037023,1.0215482754731267,0,0.018559506650723152,0,-0.01217364451942881,12,9
1.0481648366023355,FALSE,FALSE,9,97.95896698472056,1.0215482754731267,100.06981379037023,1.0215482754731267,0,0.025682628511968786,0,-0.01217364451942881,13,9
1.0389967763808425,FALSE,FALSE,9,97.95896698472056,1.0215482754731267,100.06981379037023,1.0215482754731267,0,0.02539348793219147,0,-0.01217364451942881,14,9
1.0403148469192893,FALSE,FALSE,9,97.95896698472056,1.0215482754731267,100.06981379037023,1.0215482754731267,0,0.016793604469587074,0,-0.01217364451942881,15,9
1.045136568475381,FALSE,FALSE,9,97.95896698472056,1.0215482754731267,100.06981379037023,1.0215482754731267,0,0.018039319059740995,0,-0.01217364451942881,16,9
1.0447789179643183,FALSE,FALSE,9,97.95896698472056,1.0215482754731267,100.06981379037023,1.0215482754731267,0,0.022569579626004675,0,-0.01217364451942881,17,9
1.0516736925021704,FALSE,FALSE,9,97.95896698472056,1.0215482754731267,100.06981379037023,1.0215482754731267,0,0.022234983968144204,0,-0.01217364451942881,18,9
1.0529747076087574,FALSE,FALSE,9,97.95896698472056,1.0215482754731267,100.06981379037023,1.0215482754731267,0,0.02864521309586864,0,-0.01217364451942881,19,9
1.0464076101531141,FALSE,FALSE,9,97.95896698472056,1.0215482754731267,100.06981379037023,1.0215482754731267,0,0.029845381763250835,0,-0.01217364451942881,20,9
1.059514144285943,FALSE,FALSE,9,97.95896698472056,1.0215482754731267,100.06981379037023,1.0215482754731267,0,0.023756836665541795,0,-0.01217364451942881,21,9
1.0461259357561106,FALSE,FALSE,9,97.95896698472056,1.0215482754731267,100.06981379037023,1.0215482754731267,0,0.035833281714614,0,-0.01217364451942881,22,9
1.0503556184871012,FALSE,FALSE,9,97.95896698472056,1.0215482754731267,100.06981379037023,1.0215482754731267,0,0.023493978538272134,0,-0.01217364451942881,23,9
1.0583159455568256,FALSE,FALSE,9,97.95896698472056,1.0215482754731267,100.06981379037023,1.0215482754731267,0,0.027426275926878713,0,-0.01217364451942881,24,9
1.0595233726609963,FALSE,FALSE,9,97.95896698472056,1.0215482754731267,100.06981379037023,1.0215482754731267,0,0.034741676375625155,0,-0.01217364451942881,25,9
1.0515238636548296,FALSE,FALSE,9,97.95896698472056,1.0215482754731267,100.06981379037023,1.0215482754731267,0,0.03584167953982464,0,-0.01217364451942881,26,9
1.0542908118405208,FALSE,FALSE,9,97.95896698472056,1.0215482754731267,100.06981379037023,1.0215482754731267,0,0.028506807327715284,0,-0.01217364451942881,27,9
1.0584926667815426,FALSE,FALSE,9,97.95896698472056,1.0215482754731267,100.06981379037023,1.0215482754731267,0,0.031056456150114837,0,-0.01217364451942881,28,9
1.0587063802079348,FALSE,FALSE,9,97.95896698472056,1.0215482754731267,100.06981379037023,1.0215482754731267,0,0.03490283160935754,0,-0.01217364451942881,29,9
1.0553585348953756,FALSE,FALSE,9,97.95896698472056,1.0215482754731267,100.06981379037023,1.0215482754731267,0,0.03509764881884452,0,-0.01217364451942881,30,9
1.0553585348953756,FALSE,FALSE,9,97.95896698472056,1.0215482754731267,100.06981379037023,1.0215482754731267,0,0.03203675178085402,0,-0.01217364451942881,30,9
0,FALSE,FALSE,0,0,0,0,0,0,0,0,-0.01217364451942881,0,10
1.3119004265082288,FALSE,FALSE,1,0,0,0,0,0,0,0,-0.01217364451942881,1,10
1.329466717701993,FALSE,FALSE,9,76.27851303983287,1.3119004265082288,100.06981379037023,1.3119004265082288,0,0,0,-0.01217364451942881,2,10
1.286784702992455,FALSE,FALSE,9,76.27851303983287,1.3119004265082288,100.06981379037023,1.3119004265082288,0,0.013213035693084392,0,-0.01217364451942881,3,10
1.31739386117819,FALSE,TRUE,9,94.36624278472259,1.286784702992455,121.42903769425315,1.2980114766160902,0,-0.019518201807471283,1,-0.012874887178234849,4,10
1.4241092099032526,FALSE,FALSE,9,94.36624278472259,1.286784702992455,121.42903769425315,1.2980114766160902,0,0.023234629435998765,1,-0.012874887178234849,5,10
1.379780479099641,TRUE,FALSE,9,70.26835659406241,1.4241092099032526,100.06981379037023,1.4241092099032526,21.51791690681773,0.09642835391825515,0,-0.012874887178234849,6,10
1.3639711908283687,FALSE,TRUE,9,88.00605569770794,1.379780479099641,121.42903769425315,1.399460900074626,21.51791690681773,-0.03212737930060999,1,-0.013616523760630866,7,10
1.3194986017272132,FALSE,FALSE,9,88.00605569770794,1.379780479099641,121.42903769425315,1.399460900074626,21.51791690681773,-0.011590632102479417,1,-0.013616523760630866,8,10
1.5000884945305044,FALSE,TRUE,9,137.70571203229633,1.3194986017272132,181.7024944764653,1.3622581816325823,21.51791690681773,-0.04568544240480388,2,-0.015230420029754934,9,10
1.429031030585533,TRUE,FALSE,9,66.70927358968241,1.5000884945305044,100.06981379037023,1.5000884945305044,40.79503314715197,0.12038615952441656,0,-0.015230420029754934,10,10
1.4082927612237701,FALSE,TRUE,9,84.97298875623342,1.429031030585533,121.42903769425315,1.4602818289951978,40.79503314715197,-0.0497242274129319,1,-0.016107743186296326,11,10
1.4206114387919078,FALSE,FALSE,9,84.97298875623342,1.429031030585533,121.42903769425315,1.4602818289951978,40.79503314715197,-0.01472582259369266,1,-0.016107743186296326,12,10
1.2961142450905658,FALSE,FALSE,9,84.97298875623342,1.429031030585533,121.42903769425315,1.4602818289951978,40.79503314715197,-0.00592673799725646,1,-0.016107743186296326,13,10
1.3553037288887846,FALSE,TRUE,9,140.19018397854956,1.2961142450905658,181.7024944764653,1.3814299740814262,40.79503314715197,-0.10255020805336458,2,-0.018016910833587814,14,10
1.4281574695663404,FALSE,FALSE,9,140.19018397854956,1.2961142450905658,181.7024944764653,1.3814299740814262,40.79503314715197,0.04367248649625446,2,-0.018016910833587814,15,10
1.3944344892442158,FALSE,FALSE,9,140.19018397854956,1.2961142450905658,181.7024944764653,1.3814299740814262,40.79503314715197,0.09245704853251892,2,-0.018016910833587814,16,10
1.3504124001830367,FALSE,FALSE,9,140.19018397854956,1.2961142450905658,181.7024944764653,1.3814299740814262,40.79503314715197,0.07050904500141814,2,-0.018016910833587814,17,10
1.3743891998271225,FALSE,FALSE,9,140.19018397854956,1.2961142450905658,181.7024944764653,1.3814299740814262,40.79503314715197,0.040208572644261246,2,-0.018016910833587814,18,10
1.3362061719252214,FALSE,FALSE,9,140.19018397854956,1.2961142450905658,181.7024944764653,1.3814299740814262,40.79503314715197,0.056952539168965,2,-0.018016910833587814,19,10
1.427109812479789,FALSE,FALSE,9,140.19018397854956,1.2961142450905658,181.7024944764653,1.3814299740814262,40.79503314715197,0.03000429699923527,2,-0.018016910833587814,20,10
1.4072280160035735,FALSE,FALSE,9,140.19018397854956,1.2961142450905658,181.7024944764653,1.3814299740814262,40.79503314715197,0.09179081122117806,2,-0.018016910833587814,21,10
1.523207212835965,FALSE,FALSE,9,140.19018397854956,1.2961142450905658,181.7024944764653,1.3814299740814262,40.79503314715197,0.07895932261820852,2,-0.018016910833587814,22,10
1.4018051920223966,TRUE,FALSE,9,65.69678304244401,1.523207212835965,100.06981379037023,1.523207212835965,41.38086950841506,0.14908868985893844,0,-0.018016910833587814,23,10
1.416411539825008,FALSE,TRUE,9,86.62333281778363,1.4018051920223966,121.42903769425315,1.4541667739267985,41.38086950841506,-0.08660405989681111,1,-0.01905474518436523,24,10
1.4420735380318892,FALSE,FALSE,9,86.62333281778363,1.4018051920223966,121.42903769425315,1.4541667739267985,41.38086950841506,0.010312220277742042,1,-0.01905474518436523,25,10
1.4275218531041758,FALSE,FALSE,9,86.62333281778363,1.4018051920223966,121.42903769425315,1.4541667739267985,41.38086950841506,0.027923919930220725,1,-0.01905474518436523,26,10
1.3572437715070793,FALSE,FALSE,9,86.62333281778363,1.4018051920223966,121.42903769425315,1.4541667739267985,41.38086950841506,0.0180148983539956,1,-0.01905474518436523,27,10
1.5251394483636538,FALSE,TRUE,9,133.8760938093703,1.3572437715070793,181.7024944764653,1.4088283923346452,41.38086950841506,-0.03283228956419262,2,-0.021313205765256697,28,10
1.4340712142221799,TRUE,FALSE,9,65.61355022174314,1.5251394483636538,100.06981379037023,1.525139448363654,33.2877833781705,0.1100854594225547,0,-0.021313205765256697,29,10
1.381793401256517,FALSE,TRUE,9,84.67434287084171,1.4340712142221799,121.42903769425315,1.4738303061323046,33.2877833781705,-0.063503285777107,1,-0.02254091773389976,30,10
1.381793401256517,FALSE,TRUE,9,131.49758445165273,1.381793401256517,181.7024944764653,1.4308805034063192,33.2877833781705,-0.03783330628017526,2,-0.02521257635051043,30,10
